{"name":{"0":"2F"},"unit_cell":{"0":[6.717,6.717,27.443,90,90,90]},"unit_cell_reduced":{"0":[6.717,6.717,27.443,90.0,90.0,90.0]},"crystal_family":{"0":"tetragonal"},"centering":{"0":"primitive"},"space_group":{"0":114},"d_spacing":{"0":[29.9999986534,13.7690209907,9.152708351,6.8575795169,6.718678539,6.5252960933,6.0320931687,5.4116954737,4.7478585578,4.6781190468,4.5684179298,4.486004818,4.2124845585,3.9019263322,3.7796447278,3.5880845595,3.3561963094,3.3312891761,3.2909817891,3.2597685106,3.1501651542,3.0137714366,3.0016861079,2.9838276562,2.9349092084,2.8490039731,2.7797170054,2.7492213372]},"d_spacing_all":{"0":[29.9999986534,13.7690209907,9.152708351,6.8575795169,6.718678539,6.5252960933,6.0320931687,5.4116954737,4.7478585578,4.6781190468,4.5684179298,4.486004818,4.2124845585,3.9019263322,3.7796447278,3.5880845595,3.3561963094,3.3312891761,3.2909817891,3.2597685106,3.1501651542,3.0137714366,3.0016861079,2.9838276562,2.9349092084,2.8490039731,2.7797170054,2.7492213372]},"d_spacing_primary":{"0":[13.7690209907,9.152708351,6.8575795169,6.718678539,6.5252960933,6.0320931687,5.4116954737,4.7478585578,4.6781190468,4.5684179298,4.486004818,4.2124845585,3.9019263322,3.5880845595,3.3561963094,3.3312891761,3.2909817891,3.2597685106,3.1501651542,3.0137714366,3.0016861079,2.9838276562,2.9349092084,2.8490039731,2.7797170054,2.7492213372]}}