{"name":{"0":"2napth"},"unit_cell":{"0":[7.4267,5.9242,37.5299,90,90,90]},"unit_cell_reduced":{"0":[4.7500531189,4.7500531189,37.5299,90.0,90.0,102.8420126346]},"crystal_family":{"0":"orthorhombic"},"centering":{"0":"base"},"space_group":{"0":21},"d_spacing":{"0":[42.0083988198,18.7920262514,12.5146061817,9.4193437901,7.5140579815,6.2641794421,5.3596589924,4.6895290667,4.60051482,4.4960631021,4.3427978606,4.147611048,3.9353337559,3.7526339982,3.7122199357,3.6952948729,3.6405062753,3.5576980423,3.4991713838,3.452544862,3.3312891761,3.2949468213,3.1926650126,3.1295419552,3.0960521019,2.9605047927,2.9547590322,2.9265237489,2.9099662218,2.8803269472,2.8236677651]},"d_spacing_all":{"0":[42.0083988198,18.7920262514,12.5146061817,9.4193437901,7.5140579815,6.2641794421,5.3596589924,4.6895290667,4.60051482,4.4960631021,4.3427978606,4.147611048,3.9353337559,3.7526339982,3.7122199357,3.6952948729,3.6405062753,3.5576980423,3.4991713838,3.452544862,3.3312891761,3.2949468213,3.1926650126,3.1295419552,3.0960521019,2.9605047927,2.9547590322,2.9265237489,2.9099662218,2.8803269472,2.8236677651]},"d_spacing_primary":{"0":[18.7920262514,12.5146061817,9.4193437901,7.5140579815,6.2641794421,5.3596589924,4.6895290667,4.60051482,4.4960631021,4.3427978606,4.147611048,3.9353337559,3.7526339982,3.7122199357,3.6952948729,3.6405062753,3.5576980423,3.4991713838,3.452544862,3.3312891761,3.2949468213,3.1926650126,3.1295419552,3.0960521019,2.9605047927,2.9547590322,2.9265237489,2.9099662218,2.8803269472,2.8236677651]}}