{"name":{"0":"3F"},"unit_cell":{"0":[7.371,5.935,14.887,90,95.45,90]},"unit_cell_reduced":{"0":[5.935,7.371,14.887,95.45,90.0,90.0]},"crystal_family":{"0":"monoclinic"},"centering":{"0":"primitive"},"space_group":{"0":4},"d_spacing":{"0":[14.638500939,7.453559925,7.3324241917,6.8575795169,6.3477049421,5.9138060743,5.5018961407,4.9774152331,4.9368379739,4.6113650659,4.4760137383,4.3337314965,4.2892362975,4.0263763956,3.9285836254,3.8065882387,3.7009108124,3.6675936861,3.6458757441,3.4756235791,3.4389163703,3.4209935936,3.2752636066,3.1854621621,3.1712015126,3.1432455198,3.1193810951,3.1026640623,3.0862129446,3.0046938055,2.9605047927,2.9045091856,2.8413316074,2.8186811584,2.8063293141,2.794138442,2.7492213372]},"d_spacing_all":{"0":[14.638500939,7.453559925,7.3324241917,6.8575795169,6.3477049421,5.9138060743,5.5018961407,4.9774152331,4.9368379739,4.6113650659,4.4760137383,4.3337314965,4.2892362975,4.0263763956,3.9285836254,3.8065882387,3.7009108124,3.6675936861,3.6458757441,3.4756235791,3.4389163703,3.4209935936,3.2752636066,3.1854621621,3.1712015126,3.1432455198,3.1193810951,3.1026640623,3.0862129446,3.0046938055,2.9605047927,2.9045091856,2.8413316074,2.8186811584,2.8063293141,2.794138442,2.7492213372]},"d_spacing_primary":{"0":[7.453559925,7.3324241917,6.8575795169,6.3477049421,5.9138060743,5.5018961407,4.9774152331,4.9368379739,4.6113650659,4.4760137383,4.3337314965,4.2892362975,4.0263763956,3.9285836254,3.8065882387,3.7009108124,3.6675936861,3.6458757441,3.4756235791,3.4389163703,3.4209935936,3.2752636066,3.1854621621,3.1712015126,3.1432455198,3.1193810951,3.1026640623,3.0862129446,3.0046938055,2.9605047927,2.9045091856,2.8413316074,2.8186811584,2.8063293141,2.794138442,2.7492213372]}}