{"name":{"0":"4F"},"unit_cell":{"0":[6.023,7.262,29.52,90,90,90]},"unit_cell_reduced":{"0":[4.7173396369,4.7173396369,29.52,90.0,90.0,100.6563366429]},"crystal_family":{"0":"orthorhombic"},"centering":{"0":"base"},"space_group":{"0":64},"d_spacing":{"0":[29.9999986534,14.638500939,9.7849210501,7.3765954053,5.9138060743,4.9235311649,4.6332978789,4.5790421332,4.4174376243,4.1959811781,3.9353337559,3.9163022499,3.6897044217,3.6466247874,3.6298381266,3.6035727315,3.5232043851,3.4033481544,3.3731148271,3.2559289774,3.1193810951,3.0894822335,3.0077105623,2.9490465965,2.7868997389,2.7469168794,2.676102522,2.5643408337,2.4891396484,2.4312832722,2.3323419118,2.3087542886,2.2885253457,2.2546869138]},"d_spacing_all":{"0":[29.9999986534,14.638500939,9.7849210501,7.3765954053,5.9138060743,4.9235311649,4.6332978789,4.5790421332,4.4174376243,4.1959811781,3.9353337559,3.9163022499,3.6897044217,3.6466247874,3.6298381266,3.6035727315,3.5232043851,3.4033481544,3.3731148271,3.2559289774,3.1193810951,3.0894822335,3.0077105623,2.9490465965,2.7868997389,2.7469168794,2.676102522,2.5643408337,2.4891396484,2.4312832722,2.3323419118,2.3087542886,2.2885253457,2.2546869138]},"d_spacing_primary":{"0":[7.3765954053,5.9138060743,4.9235311649,4.6332978789,4.5790421332,4.4174376243,4.1959811781,3.9353337559,3.9163022499,3.6897044217,3.6466247874,3.6298381266,3.6035727315,3.5232043851,3.4033481544,3.3731148271,3.2559289774,3.1193810951,3.0894822335,3.0077105623,2.9490465965,2.7868997389,2.7469168794,2.676102522,2.5643408337,2.4891396484,2.4312832722,2.3323419118,2.3087542886,2.2885253457,2.2546869138]}}