{"name":{"0":"thiorene"},"unit_cell":{"0":[0,0,0,0,0,0]},"unit_cell_reduced":{"0":null},"crystal_family":{"0":null},"centering":{"0":null},"space_group":{"0":1},"d_spacing":{"0":[21.7771857093,17.0524749425,11.5504817463,10.3850767511,10.1449312356,8.9870371224,8.609265099,6.893671993,6.8220480656,5.759315189,5.2279120691,5.16558033,4.9368379739,4.5369836008,4.486004818,4.4174376243,4.3427978606,4.3157678235,4.2042085748,4.147611048,4.1240449552,4.0932394227,4.0263763956,3.9557948458,3.9285836254,3.8758044243,3.8375869472,3.8127278857,3.7823229476,3.6087801975,3.5778693742,3.5427914532,3.4991713838,3.4709708109,3.447984044,3.4344092788,3.3859729734,3.352006308,3.3312891761,3.2752636066,3.2145703076,3.2035614925,3.1501651542,3.1398027585,3.0829540125,3.0604269437,3.0446351871,3.0168156462]},"d_spacing_all":{"0":[21.7771857093,17.0524749425,11.5504817463,10.3850767511,10.1449312356,8.9870371224,8.609265099,6.893671993,6.8220480656,5.759315189,5.2279120691,5.16558033,4.9368379739,4.5369836008,4.486004818,4.4174376243,4.3427978606,4.3157678235,4.2042085748,4.147611048,4.1240449552,4.0932394227,4.0263763956,3.9557948458,3.9285836254,3.8758044243,3.8375869472,3.8127278857,3.7823229476,3.6087801975,3.5778693742,3.5427914532,3.4991713838,3.4709708109,3.447984044,3.4344092788,3.3859729734,3.352006308,3.3312891761,3.2752636066,3.2145703076,3.2035614925,3.1501651542,3.1398027585,3.0829540125,3.0604269437,3.0446351871,3.0168156462]},"d_spacing_primary":{"0":[11.5504817463,10.3850767511,10.1449312356,8.9870371224,8.609265099,6.893671993,6.8220480656,5.759315189,5.2279120691,5.16558033,4.9368379739,4.5369836008,4.486004818,4.4174376243,4.3427978606,4.3157678235,4.2042085748,4.147611048,4.1240449552,4.0932394227,4.0263763956,3.9557948458,3.9285836254,3.8758044243,3.8375869472,3.8127278857,3.7823229476,3.6087801975,3.5778693742,3.5427914532,3.4991713838,3.4709708109,3.447984044,3.4344092788,3.3859729734,3.352006308,3.3312891761,3.2752636066,3.2145703076,3.2035614925,3.1501651542,3.1398027585,3.0829540125,3.0604269437,3.0446351871,3.0168156462]}}