{"name":{"0":"c9"},"unit_cell":{"0":[4.404,54.075,4.743,90,103.3,90]},"unit_cell_reduced":{"0":[4.404,4.743,54.075,90.0,90.0,103.3]},"crystal_family":{"0":"monoclinic"},"centering":{"0":"primitive"},"space_group":{"0":14},"d_spacing":{"0":[25.3545464305,18.6051781964,13.4163959412,10.7417170343,8.9870371224,7.7098948814,6.7526112068,6.0078679491,5.4116954737,4.9235311649,4.5897408053,4.5473895028,4.5061893475,4.4660891181,4.3611026143,4.2718180624,4.2291842137,4.163548085,4.1085555752,4.082239584,3.983579447,3.8693555108,3.8065882387,3.7409526473,3.6566863454,3.6192632174,3.5677409421,3.5427914532,3.5087254327,3.452544862,3.3946272142,3.377384586,3.3561963094,3.3190417715,3.2407054082,3.2219728839,3.1606308299,3.0700207664,3.0016861079,2.9779452984,2.9605047927,2.890999787,2.8671506529,2.8261710137,2.8161977418,2.7965639065,2.7702258524,2.7400381208,2.724186548,2.708606942,2.6998234458,2.6571527218,2.6204302717,2.6104968502]},"d_spacing_all":{"0":[25.3545464305,18.6051781964,13.4163959412,10.7417170343,8.9870371224,7.7098948814,6.7526112068,6.0078679491,5.4116954737,4.9235311649,4.5897408053,4.5473895028,4.5061893475,4.4660891181,4.3611026143,4.2718180624,4.2291842137,4.163548085,4.1085555752,4.082239584,3.983579447,3.8693555108,3.8065882387,3.7409526473,3.6566863454,3.6192632174,3.5677409421,3.5427914532,3.5087254327,3.452544862,3.3946272142,3.377384586,3.3561963094,3.3190417715,3.2407054082,3.2219728839,3.1606308299,3.0700207664,3.0016861079,2.9779452984,2.9605047927,2.890999787,2.8671506529,2.8261710137,2.8161977418,2.7965639065,2.7702258524,2.7400381208,2.724186548,2.708606942,2.6998234458,2.6571527218,2.6204302717,2.6104968502]},"d_spacing_primary":{"0":[8.9870371224,7.7098948814,6.7526112068,6.0078679491,5.4116954737,4.9235311649,4.5897408053,4.5473895028,4.5061893475,4.4660891181,4.3611026143,4.2718180624,4.2291842137,4.163548085,4.1085555752,4.082239584,3.983579447,3.8693555108,3.8065882387,3.7409526473,3.6566863454,3.6192632174,3.5677409421,3.5427914532,3.5087254327,3.452544862,3.3946272142,3.377384586,3.3561963094,3.3190417715,3.2407054082,3.2219728839,3.1606308299,3.0700207664,3.0016861079,2.9779452984,2.9605047927,2.890999787,2.8671506529,2.8261710137,2.8161977418,2.7965639065,2.7702258524,2.7400381208,2.724186548,2.708606942,2.6998234458,2.6571527218,2.6204302717,2.6104968502]}}