{"name":{"0":"salicylate"},"unit_cell":{"0":[24.681,15.356,4.458,90,95.11,90]},"unit_cell_reduced":{"0":[4.458,15.356,24.681,90.0,95.11,90.0]},"crystal_family":{"0":"monoclinic"},"centering":{"0":"primitive"},"space_group":{"0":4},"d_spacing":{"0":[24.4948966957,15.2281075857,12.973996528,12.3024844685,9.5779272401,8.1927965213,7.676190607,7.3178758521,7.2323678451,6.5048246763,6.1491501741,5.7035676458,5.590285196,5.1153060753,5.0096764553,4.9147195059,4.7920441437,4.7242666597,4.6743341746,4.4399428339,4.3397694198,4.2980256972,4.2631881453,4.1397108528,4.090703346,4.0581575469,3.9557948458,3.9263412889,3.9218681109,3.8417775868,3.7923769619,3.7506795059,3.6566863454,3.6530721337,3.6122644097,3.5880845595,3.5493934318,3.5460878333,3.5119275488,3.4725196568,3.451022579,3.4269366801,3.377384586,3.3731148271,3.3702773014,3.352006308,3.2923018756,3.2533768132,3.1962848089,3.1938702445,3.1806872574]},"d_spacing_all":{"0":[24.4948966957,15.2281075857,12.973996528,12.3024844685,9.5779272401,8.1927965213,7.676190607,7.3178758521,7.2323678451,6.5048246763,6.1491501741,5.7035676458,5.590285196,5.1153060753,5.0096764553,4.9147195059,4.7920441437,4.7242666597,4.6743341746,4.4399428339,4.3397694198,4.2980256972,4.2631881453,4.1397108528,4.090703346,4.0581575469,3.9557948458,3.9263412889,3.9218681109,3.8417775868,3.7923769619,3.7506795059,3.6566863454,3.6530721337,3.6122644097,3.5880845595,3.5493934318,3.5460878333,3.5119275488,3.4725196568,3.451022579,3.4269366801,3.377384586,3.3731148271,3.3702773014,3.352006308,3.2923018756,3.2533768132,3.1962848089,3.1938702445,3.1806872574]},"d_spacing_primary":{"0":[15.2281075857,12.973996528,12.3024844685,9.5779272401,8.1927965213,7.676190607,7.3178758521,7.2323678451,6.5048246763,6.1491501741,5.7035676458,5.590285196,5.1153060753,5.0096764553,4.9147195059,4.7920441437,4.7242666597,4.6743341746,4.4399428339,4.3397694198,4.2980256972,4.2631881453,4.1397108528,4.090703346,4.0581575469,3.9557948458,3.9263412889,3.9218681109,3.8417775868,3.7923769619,3.7506795059,3.6566863454,3.6530721337,3.6122644097,3.5880845595,3.5493934318,3.5460878333,3.5119275488,3.4725196568,3.451022579,3.4269366801,3.377384586,3.3731148271,3.3702773014,3.352006308,3.2923018756,3.2533768132,3.1962848089,3.1938702445,3.1806872574]}}