{"name":{"0":"thiorene"},"unit_cell":{"0":[7.2905,5.8792,28.0724,90,93.8037,90]},"unit_cell_reduced":{"0":[4.6828512386,4.6828512386,28.0724,87.0399614587,87.0399614587,77.7667501036]},"crystal_family":{"0":"monoclinic"},"centering":{"0":"base"},"space_group":{"0":5},"d_spacing":{"0":[14.0683723496,9.327893073,7.0054676146,5.6163319517,4.6667919083,4.5684179298,4.5473895028,4.486004818,4.3984174165,4.2980256972,4.1796702575,4.0409515202,3.9019263322,3.7585158588,3.6405062753,3.6140103046,3.5778693742,3.4991713838,3.4709708109,3.3354018725,3.3190417715,3.1999169455,3.1432455198,3.0764670007,2.9662842033,2.9518986689,2.9405397264,2.9237445276,2.8776771556,2.8387878937,2.8038783744,2.7844993113,2.7264342242]},"d_spacing_all":{"0":[29.9999986534,14.0683723496,9.327893073,7.0054676146,5.6163319517,4.6667919083,4.5684179298,4.5473895028,4.486004818,4.3984174165,4.2980256972,4.1796702575,4.0409515202,3.9019263322,3.7585158588,3.6405062753,3.6140103046,3.5778693742,3.4991713838,3.4709708109,3.3354018725,3.3190417715,3.1999169455,3.1432455198,3.0764670007,2.9662842033,2.9518986689,2.9405397264,2.9237445276,2.8776771556,2.8387878937,2.8038783744,2.7844993113,2.7264342242]},"d_spacing_primary":{"0":[14.0683723496,9.327893073,7.0054676146,5.6163319517,4.6667919083,4.5684179298,4.5473895028,4.486004818,4.3984174165,4.2980256972,4.1796702575,4.0409515202,3.9019263322,3.7585158588,3.6405062753,3.6140103046,3.5778693742,3.4991713838,3.4709708109,3.3354018725,3.3190417715,3.1999169455,3.1432455198,3.0764670007,2.9662842033,2.9518986689,2.9405397264,2.9237445276,2.8776771556,2.8387878937,2.8038783744,2.7844993113,2.7264342242]}}